TenantId,SourceSystem,MG,ManagementGroupName,TimeGenerated [UTC],Computer,RawData,alertInfo_indicatorDescription_s,alertInfo_indicatorName_s,targetProcessInfo_tgtFileOldPath_s,alertInfo_indicatorCategory_s,alertInfo_registryOldValue_g,alertInfo_dstIp_s,alertInfo_dstPort_s,alertInfo_netEventDirection_s,alertInfo_srcIp_s,alertInfo_srcPort_s,containerInfo_id_s,targetProcessInfo_tgtFileId_g,alertInfo_registryOldValue_s,alertInfo_registryOldValueType_s,alertInfo_dnsRequest_s,alertInfo_dnsResponse_s,alertInfo_registryKeyPath_s,alertInfo_registryPath_s,alertInfo_registryValue_g,ruleInfo_description_s,alertInfo_registryValue_s,alertInfo_loginAccountDomain_s,alertInfo_loginAccountSid_s,alertInfo_loginIsAdministratorEquivalent_s,alertInfo_loginIsSuccessful_s,alertInfo_loginType_s,alertInfo_loginsUserName_s,alertInfo_srcMachineIp_s,targetProcessInfo_tgtProcCmdLine_s,targetProcessInfo_tgtProcImagePath_s,targetProcessInfo_tgtProcName_s,targetProcessInfo_tgtProcPid_s,targetProcessInfo_tgtProcSignedStatus_s,targetProcessInfo_tgtProcStorylineId_s,targetProcessInfo_tgtProcUid_s,sourceParentProcessInfo_storyline_g,sourceParentProcessInfo_uniqueId_g,sourceProcessInfo_storyline_g,sourceProcessInfo_uniqueId_g,targetProcessInfo_tgtProcStorylineId_g,targetProcessInfo_tgtProcUid_g,agentDetectionInfo_machineType_s,agentDetectionInfo_name_s,agentDetectionInfo_osFamily_s,agentDetectionInfo_osName_s,agentDetectionInfo_osRevision_s,agentDetectionInfo_uuid_g,agentDetectionInfo_version_s,agentRealtimeInfo_id_s,agentRealtimeInfo_infected_b,agentRealtimeInfo_isActive_b,agentRealtimeInfo_isDecommissioned_b,agentRealtimeInfo_machineType_s,agentRealtimeInfo_name_s,agentRealtimeInfo_os_s,agentRealtimeInfo_uuid_g,alertInfo_alertId_s,alertInfo_analystVerdict_s,alertInfo_createdAt_t [UTC],alertInfo_dvEventId_s,alertInfo_eventType_s,alertInfo_hitType_s,alertInfo_incidentStatus_s,alertInfo_isEdr_b,alertInfo_reportedAt_t [UTC],alertInfo_source_s,alertInfo_updatedAt_t [UTC],ruleInfo_id_s,ruleInfo_name_s,ruleInfo_queryLang_s,ruleInfo_queryType_s,ruleInfo_s1ql_s,ruleInfo_scopeLevel_s,ruleInfo_severity_s,ruleInfo_treatAsThreat_s,sourceParentProcessInfo_commandline_s,sourceParentProcessInfo_fileHashMd5_g,sourceParentProcessInfo_fileHashSha1_s,sourceParentProcessInfo_fileHashSha256_s,sourceParentProcessInfo_filePath_s,sourceParentProcessInfo_fileSignerIdentity_s,sourceParentProcessInfo_integrityLevel_s,sourceParentProcessInfo_name_s,sourceParentProcessInfo_pid_s,sourceParentProcessInfo_pidStarttime_t [UTC],sourceParentProcessInfo_storyline_s,sourceParentProcessInfo_subsystem_s,sourceParentProcessInfo_uniqueId_s,sourceParentProcessInfo_user_s,sourceProcessInfo_commandline_s,sourceProcessInfo_fileHashMd5_g,sourceProcessInfo_fileHashSha1_s,sourceProcessInfo_fileHashSha256_s,sourceProcessInfo_filePath_s,sourceProcessInfo_fileSignerIdentity_s,sourceProcessInfo_integrityLevel_s,sourceProcessInfo_name_s,sourceProcessInfo_pid_s,sourceProcessInfo_pidStarttime_t [UTC],sourceProcessInfo_storyline_s,sourceProcessInfo_subsystem_s,sourceProcessInfo_uniqueId_s,sourceProcessInfo_user_s,targetProcessInfo_tgtFileCreatedAt_t [UTC],targetProcessInfo_tgtFileHashSha1_s,targetProcessInfo_tgtFileHashSha256_s,targetProcessInfo_tgtFileId_s,targetProcessInfo_tgtFileIsSigned_s,targetProcessInfo_tgtFileModifiedAt_t [UTC],targetProcessInfo_tgtFilePath_s,targetProcessInfo_tgtProcIntegrityLevel_s,targetProcessInfo_tgtProcessStartTime_t [UTC],agentUpdatedVersion_s,agentId_s,hash_s,osFamily_s,threatId_s,creator_s,creatorId_s,inherits_b,isDefault_b,name_s,registrationToken_s,totalAgents_d,type_s,agentDetectionInfo_accountId_s,agentDetectionInfo_accountName_s,agentDetectionInfo_agentDetectionState_s,agentDetectionInfo_agentDomain_s,agentDetectionInfo_agentIpV4_s,agentDetectionInfo_agentIpV6_s,agentDetectionInfo_agentLastLoggedInUserName_s,agentDetectionInfo_agentMitigationMode_s,agentDetectionInfo_agentOsName_s,agentDetectionInfo_agentOsRevision_s,agentDetectionInfo_agentRegisteredAt_t [UTC],agentDetectionInfo_agentUuid_g,agentDetectionInfo_agentVersion_s,agentDetectionInfo_externalIp_s,agentDetectionInfo_groupId_s,agentDetectionInfo_groupName_s,agentDetectionInfo_siteId_s,agentDetectionInfo_siteName_s,agentRealtimeInfo_accountId_s,agentRealtimeInfo_accountName_s,agentRealtimeInfo_activeThreats_d,agentRealtimeInfo_agentComputerName_s,agentRealtimeInfo_agentDomain_s,agentRealtimeInfo_agentId_s,agentRealtimeInfo_agentInfected_b,agentRealtimeInfo_agentIsActive_b,agentRealtimeInfo_agentIsDecommissioned_b,agentRealtimeInfo_agentMachineType_s,agentRealtimeInfo_agentMitigationMode_s,agentRealtimeInfo_agentNetworkStatus_s,agentRealtimeInfo_agentOsName_s,agentRealtimeInfo_agentOsRevision_s,agentRealtimeInfo_agentOsType_s,agentRealtimeInfo_agentUuid_g,agentRealtimeInfo_agentVersion_s,agentRealtimeInfo_groupId_s,agentRealtimeInfo_groupName_s,agentRealtimeInfo_networkInterfaces_s,agentRealtimeInfo_operationalState_s,agentRealtimeInfo_rebootRequired_b,agentRealtimeInfo_scanFinishedAt_t [UTC],agentRealtimeInfo_scanStartedAt_t [UTC],agentRealtimeInfo_scanStatus_s,agentRealtimeInfo_siteId_s,agentRealtimeInfo_siteName_s,agentRealtimeInfo_userActionsNeeded_s,indicators_s,mitigationStatus_s,threatInfo_analystVerdict_s,threatInfo_analystVerdictDescription_s,threatInfo_automaticallyResolved_b,threatInfo_certificateId_s,threatInfo_classification_s,threatInfo_classificationSource_s,threatInfo_cloudFilesHashVerdict_s,threatInfo_collectionId_s,threatInfo_confidenceLevel_s,threatInfo_createdAt_t [UTC],threatInfo_detectionEngines_s,threatInfo_detectionType_s,threatInfo_engines_s,threatInfo_externalTicketExists_b,threatInfo_failedActions_b,threatInfo_fileExtension_s,threatInfo_fileExtensionType_s,threatInfo_filePath_s,threatInfo_fileSize_d,threatInfo_fileVerificationType_s,threatInfo_identifiedAt_t [UTC],threatInfo_incidentStatus_s,threatInfo_incidentStatusDescription_s,threatInfo_initiatedBy_s,threatInfo_initiatedByDescription_s,threatInfo_isFileless_b,threatInfo_isValidCertificate_b,threatInfo_mitigatedPreemptively_b,threatInfo_mitigationStatus_s,threatInfo_mitigationStatusDescription_s,threatInfo_originatorProcess_s,threatInfo_pendingActions_b,threatInfo_processUser_s,threatInfo_publisherName_s,threatInfo_reachedEventsLimit_b,threatInfo_rebootRequired_b,threatInfo_sha1_s,threatInfo_storyline_s,threatInfo_threatId_s,threatInfo_threatName_s,threatInfo_updatedAt_t [UTC],whiteningOptions_s,threatInfo_maliciousProcessArguments_s,threatInfo_fileExtension_g,threatInfo_threatName_g,threatInfo_storyline_g,accountId_s,accountName_s,activityType_d,activityUuid_g,createdAt_t [UTC],id_s,primaryDescription_s,secondaryDescription_s,siteId_s,siteName_s,updatedAt_t [UTC],userId_s,event_name_s,DataFields_s,description_s,comments_s,activeDirectory_computerMemberOf_s,activeDirectory_lastUserMemberOf_s,activeThreats_d,agentVersion_s,allowRemoteShell_b,appsVulnerabilityStatus_s,computerName_s,consoleMigrationStatus_s,coreCount_d,cpuCount_d,cpuId_s,detectionState_s,domain_s,encryptedApplications_b,externalId_s,externalIp_s,firewallEnabled_b,firstFullModeTime_t [UTC],fullDiskScanLastUpdatedAt_t [UTC],groupId_s,groupIp_s,groupName_s,inRemoteShellSession_b,infected_b,installerType_s,isActive_b,isDecommissioned_b,isPendingUninstall_b,isUninstalled_b,isUpToDate_b,lastActiveDate_t [UTC],lastIpToMgmt_s,lastLoggedInUserName_s,licenseKey_s,locationEnabled_b,locationType_s,locations_s,machineType_s,mitigationMode_s,mitigationModeSuspicious_s,modelName_s,networkInterfaces_s,networkQuarantineEnabled_b,networkStatus_s,operationalState_s,osArch_s,osName_s,osRevision_s,osStartTime_t [UTC],osType_s,rangerStatus_s,rangerVersion_s,registeredAt_t [UTC],remoteProfilingState_s,scanFinishedAt_t [UTC],scanStartedAt_t [UTC],scanStatus_s,serialNumber_s,showAlertIcon_b,tags_sentinelone_s,threatRebootRequired_b,totalMemory_d,userActionsNeeded_s,uuid_g,osUsername_s,scanAbortedAt_t [UTC],activeDirectory_computerDistinguishedName_s,activeDirectory_lastUserDistinguishedName_s,Type,_ResourceId
1a0e2567-2e58-4989-ad18-206108185325,RestAPI,,,"7/25/2023, 6:00:06 AM",,,,,,,,,,,,,,,,,watson.events.data.microsoft.com,type: 5 blobcollectorcommon.trafficmanager.net;type: 5 onedsblobprdcus17.centralus.cloudapp.azure.com;13.89.179.12;,,,,,,,,,,,,,,,,,,,,,,,,,,laptop,CLO007,windows,Windows 11 Pro,22621,f25c1ccd-5039-4dcf-812e-79a2aede6358,23.1.2.400,1730979466865875730,FALSE,TRUE,FALSE,laptop,CLO007,windows,f25c1ccd-5039-4dcf-812e-79a2aede6358,1736738453470521043,Undefined,"7/25/2023, 5:49:11 AM",01H65SG9CAMBQHFPH0TJD6EYXN_430,DNS,Events,Unresolved,TRUE,"7/25/2023, 5:49:17 AM",STAR,"7/25/2023, 5:49:17 AM",1733163280061426015,DNS,1,events,"EventType = ""DNS Resolved"" OR EventType = ""DNS Unresolved""",account,Low,UNDEFINED,C:\Windows\system32\svchost.exe -k netsvcs -p -s Schedule,8ec922c7-a58a-8701-ab48-1b7be9644536,3f64c98f22da277a07cab248c44c56eedb796a81,949bfb5b4c7d58d92f3f9c5f8ec7ca4ceaffd10ec5f0020f0a987c472d61c54b,C:\Windows\System32\svchost.exe,MICROSOFT WINDOWS,system,svchost.exe,1752,"7/17/2023, 10:22:47 AM",C43C0EF580778F51,sys_win32,C33C0EF580778F51,NT AUTHORITY\SYSTEM,"""C:\Windows\system32\wermgr.exe"" -upload",b2eb37f1-bd88-302c-2f15-0217722a8c9f,d8e0c1e1ad99a38f3a84414d5af7b761bf0eb924,a4c41c6c4e1d0fadc9bd3313a3d0e329517f400bd8908dd8c70ac69758e60875,C:\Windows\System32\wermgr.exe,MICROSOFT WINDOWS,system,wermgr.exe,5488,"7/25/2023, 5:37:03 AM",34B612F580778F51,sys_win32,33B612F580778F51,NT AUTHORITY\SYSTEM,"1/1/1970, 12:00:00 AM",,,,signed,"1/1/1970, 12:00:00 AM",,unknown,"1/1/1970, 12:00:00 AM",,,,,,,,,,,,,,1712500237934148927,,,,,,,,,,,,,,,,1712500242422055104,,,,,,,,,,,,,,,,,,,,,,,,,,,,,,,,,,,,,,,,,,,,,,,,,,,,,,,,,,,,,,,,,,,,,,,,,,,,,,,,,,,,,,,,,,Alerts.,,,,,,,,,,,,,,,,,,,,,,,,,,,,,,,,,,,,,,,,,,,,,,,,,,,,,,,,,,,,,,,,,,,,,,,,SentinelOne_CL,
1a0e2567-2e58-4989-ad18-206108185325,RestAPI,,,"7/25/2023, 6:00:06 AM",,,,,,,,,,,,,,,,,settings-win.data.microsoft.com,type: 5 atm-settingsfe-prod-geo2.trafficmanager.net;type: 5 settings-prod-eus2-2.eastus2.cloudapp.azure.com;52.167.17.97;,,,,,,,,,,,,,,,,,,,,,,,,,,laptop,CLO007,windows,Windows 11 Pro,22621,f25c1ccd-5039-4dcf-812e-79a2aede6358,23.1.2.400,1730979466865875730,FALSE,TRUE,FALSE,laptop,CLO007,windows,f25c1ccd-5039-4dcf-812e-79a2aede6358,1736738465390733605,Undefined,"7/25/2023, 5:49:11 AM",01H65SG9CAMBQHFPH0TJD6EYXN_392,DNS,Events,Unresolved,TRUE,"7/25/2023, 5:49:19 AM",STAR,"7/25/2023, 5:49:19 AM",1733163280061426015,DNS,1,events,"EventType = ""DNS Resolved"" OR EventType = ""DNS Unresolved""",account,Low,UNDEFINED,C:\Windows\system32\services.exe,68483e45-9f55-5389-ad8b-a6424bbaf42f,16d12a866c716390af9ca4d87bd7674d6e478f42,4a12143226b7090d6e9bb8d040618a2c7a9ef5282f7cc10fa374adc9ab19cbeb,C:\Windows\System32\services.exe,MICROSOFT WINDOWS PUBLISHER,system,services.exe,8,"7/17/2023, 10:22:47 AM",433C0EF580778F51,sys_win32,423C0EF580778F51,NT AUTHORITY\SYSTEM,C:\Windows\System32\svchost.exe -k utcsvc -p,8ec922c7-a58a-8701-ab48-1b7be9644536,3f64c98f22da277a07cab248c44c56eedb796a81,949bfb5b4c7d58d92f3f9c5f8ec7ca4ceaffd10ec5f0020f0a987c472d61c54b,C:\Windows\System32\svchost.exe,MICROSOFT WINDOWS,system,svchost.exe,4604,"7/17/2023, 10:22:49 AM",553D0EF580778F51,sys_win32,543D0EF580778F51,NT AUTHORITY\SYSTEM,"1/1/1970, 12:00:00 AM",,,,signed,"1/1/1970, 12:00:00 AM",,unknown,"1/1/1970, 12:00:00 AM",,,,,,,,,,,,,,1712500237934148927,,,,,,,,,,,,,,,,1712500242422055104,,,,,,,,,,,,,,,,,,,,,,,,,,,,,,,,,,,,,,,,,,,,,,,,,,,,,,,,,,,,,,,,,,,,,,,,,,,,,,,,,,,,,,,,,,Alerts.,,,,,,,,,,,,,,,,,,,,,,,,,,,,,,,,,,,,,,,,,,,,,,,,,,,,,,,,,,,,,,,,,,,,,,,,SentinelOne_CL,
1a0e2567-2e58-4989-ad18-206108185325,RestAPI,,,"7/25/2023, 6:00:06 AM",,,,,,,,,,,,,,,,,ctldl.windowsupdate.com,type: 5 wu-bg-shim.trafficmanager.net;type: 5 fg.download.windowsupdate.com.c.footprint.net;2001:1900:2381:8::1fe;2001:1900:2381:b0e::1fe;2001:1900:2381:a06::1fe;2001:1900:2381:a04::1fe;2001:1900:2381:201f::1fe;type: 2 eu-b.dns.footprint.net;type: 2 usa-d.dns.footprint.net;type: 2 apac-a.dns.footprint.net;,,,,,,,,,,,,,,,,,,,,,,,,,,laptop,CLO007,windows,Windows 11 Pro,22621,f25c1ccd-5039-4dcf-812e-79a2aede6358,23.1.2.400,1730979466865875730,FALSE,TRUE,FALSE,laptop,CLO007,windows,f25c1ccd-5039-4dcf-812e-79a2aede6358,1736738470977546837,Undefined,"7/25/2023, 5:49:11 AM",01H65SG9CAMBQHFPH0TJD6EYXN_413,DNS,Events,Unresolved,TRUE,"7/25/2023, 5:49:19 AM",STAR,"7/25/2023, 5:49:19 AM",1733163280061426015,DNS,1,events,"EventType = ""DNS Resolved"" OR EventType = ""DNS Unresolved""",account,Low,UNDEFINED,C:\Windows\system32\services.exe,68483e45-9f55-5389-ad8b-a6424bbaf42f,16d12a866c716390af9ca4d87bd7674d6e478f42,4a12143226b7090d6e9bb8d040618a2c7a9ef5282f7cc10fa374adc9ab19cbeb,C:\Windows\System32\services.exe,MICROSOFT WINDOWS PUBLISHER,system,services.exe,8,"7/17/2023, 10:22:47 AM",433C0EF580778F51,sys_win32,423C0EF580778F51,NT AUTHORITY\SYSTEM,C:\Windows\system32\svchost.exe -k netsvcs -p -s wlidsvc,8ec922c7-a58a-8701-ab48-1b7be9644536,3f64c98f22da277a07cab248c44c56eedb796a81,949bfb5b4c7d58d92f3f9c5f8ec7ca4ceaffd10ec5f0020f0a987c472d61c54b,C:\Windows\System32\svchost.exe,MICROSOFT WINDOWS,system,svchost.exe,11436,"7/25/2023, 5:34:08 AM",FEAE12F580778F51,sys_win32,FDAE12F580778F51,NT AUTHORITY\SYSTEM,"1/1/1970, 12:00:00 AM",,,,signed,"1/1/1970, 12:00:00 AM",,unknown,"1/1/1970, 12:00:00 AM",,,,,,,,,,,,,,1712500237934148927,,,,,,,,,,,,,,,,1712500242422055104,,,,,,,,,,,,,,,,,,,,,,,,,,,,,,,,,,,,,,,,,,,,,,,,,,,,,,,,,,,,,,,,,,,,,,,,,,,,,,,,,,,,,,,,,,Alerts.,,,,,,,,,,,,,,,,,,,,,,,,,,,,,,,,,,,,,,,,,,,,,,,,,,,,,,,,,,,,,,,,,,,,,,,,SentinelOne_CL,
1a0e2567-2e58-4989-ad18-206108185325,RestAPI,,,"7/25/2023, 6:00:06 AM",,,,,,,,,,,,,,,,,self.events.data.microsoft.com,type: 5 self-events-data.trafficmanager.net;type: 5 onedscolprdcus12.centralus.cloudapp.azure.com;13.89.179.10;,,,,,,,,,,,,,,,,,,,,,,,,,,laptop,CLO007,windows,Windows 11 Pro,22621,f25c1ccd-5039-4dcf-812e-79a2aede6358,23.1.2.400,1730979466865875730,FALSE,TRUE,FALSE,laptop,CLO007,windows,f25c1ccd-5039-4dcf-812e-79a2aede6358,1736738517366551759,Undefined,"7/25/2023, 5:49:11 AM",01H65SG9CAMBQHFPH0TJD6EYXN_423,DNS,Events,Unresolved,TRUE,"7/25/2023, 5:49:25 AM",STAR,"7/25/2023, 5:49:25 AM",1733163280061426015,DNS,1,events,"EventType = ""DNS Resolved"" OR EventType = ""DNS Unresolved""",account,Low,UNDEFINED,C:\Windows\Explorer.EXE,357b678c-68d3-d5ee-86e1-b706fbfd994b,a4e4e2bc502e4ab249b219da357d1aad163ab175,8375581b32e510a1ddf90b1ff8ffb8a756d71e1d5572b1c7c027e9b7393ccd3b,C:\Windows\explorer.exe,MICROSOFT WINDOWS,medium,explorer.exe,11056,"7/25/2023, 5:36:14 AM",87B212F580778F51,sys_win32,86B212F580778F51,CLO007\Crest,"""C:\Users\Crest\AppData\Local\Microsoft\OneDrive\OneDrive.exe"" /background",8395b7e9-2283-6e33-629d-67e6ccd46869,5e59701140d628e24c7be94a541ffab1cc32a6f6,734da8ffb983303fa0afc63301152aa8b59565e3342a7a306dac73414d23559e,C:\Users\Crest\AppData\Local\Microsoft\OneDrive\OneDrive.exe,MICROSOFT CORPORATION,medium,OneDrive.exe,10772,"7/25/2023, 5:36:20 AM",F3B212F580778F51,sys_win32,F2B212F580778F51,CLO007\Crest,"1/1/1970, 12:00:00 AM",,,,signed,"1/1/1970, 12:00:00 AM",,unknown,"1/1/1970, 12:00:00 AM",,,,,,,,,,,,,,1712500237934148927,,,,,,,,,,,,,,,,1712500242422055104,,,,,,,,,,,,,,,,,,,,,,,,,,,,,,,,,,,,,,,,,,,,,,,,,,,,,,,,,,,,,,,,,,,,,,,,,,,,,,,,,,,,,,,,,,Alerts.,,,,,,,,,,,,,,,,,,,,,,,,,,,,,,,,,,,,,,,,,,,,,,,,,,,,,,,,,,,,,,,,,,,,,,,,SentinelOne_CL,
1a0e2567-2e58-4989-ad18-206108185325,RestAPI,,,"7/25/2023, 6:40:04 AM",,,,,,,,,,,,,,,,,fctupdate.fortinet.net,173.243.143.6;,,,,,,,,,,,,,,,,,,,,,,,,,,laptop,CLO007,windows,Windows 11 Pro,22621,f25c1ccd-5039-4dcf-812e-79a2aede6358,23.1.2.400,1730979466865875730,FALSE,TRUE,FALSE,laptop,CLO007,windows,f25c1ccd-5039-4dcf-812e-79a2aede6358,1736754737420512884,Undefined,"7/25/2023, 6:21:26 AM",01H65VB5DF5XKTNW3DPG0MTQ35_5,DNS,Events,Unresolved,TRUE,"7/25/2023, 6:21:38 AM",STAR,"7/25/2023, 6:21:38 AM",1733163280061426015,DNS,1,events,"EventType = ""DNS Resolved"" OR EventType = ""DNS Unresolved""",account,Low,UNDEFINED,"""C:\Program Files\Fortinet\FortiClient\scheduler.exe""",bf3562cc-7e68-b446-e8a0-0755837c7bb9,8324e6c57aaf70e6f4d28d6849573635d577ac5b,30dbb96d2ed1e3bc5d335744e744fa66eaef9184ebcecf55dc98089042f91285,C:\Program Files\Fortinet\FortiClient\scheduler.exe,FORTINET TECHNOLOGIES (CANADA) ULC,system,scheduler.exe,4000,"7/17/2023, 10:22:48 AM",3C3D0EF580778F51,sys_win32,3B3D0EF580778F51,NT AUTHORITY\SYSTEM,update_task.exe -s FC_{73EFB30F-1CAD-4a7a-AE2E-150282B6CE25}_001000,64daf8fe-dbd8-3495-bdbc-c926baeba739,01894b3921ed84c876e83cc13dce6752852eb53d,1d5d163d963db6bfd32cca6050890253a7b5715d6e35dfe1141987eefd576096,C:\Program Files\Fortinet\FortiClient\update_task.exe,FORTINET TECHNOLOGIES (CANADA) ULC,system,update_task.exe,13936,"7/25/2023, 6:21:04 AM",3C3D0EF580778F51,sys_win32,95DA12F580778F51,NT AUTHORITY\SYSTEM,"1/1/1970, 12:00:00 AM",,,,signed,"1/1/1970, 12:00:00 AM",,unknown,"1/1/1970, 12:00:00 AM",,,,,,,,,,,,,,1712500237934148927,,,,,,,,,,,,,,,,1712500242422055104,,,,,,,,,,,,,,,,,,,,,,,,,,,,,,,,,,,,,,,,,,,,,,,,,,,,,,,,,,,,,,,,,,,,,,,,,,,,,,,,,,,,,,,,,,Alerts.,,,,,,,,,,,,,,,,,,,,,,,,,,,,,,,,,,,,,,,,,,,,,,,,,,,,,,,,,,,,,,,,,,,,,,,,SentinelOne_CL,
1a0e2567-2e58-4989-ad18-206108185325,RestAPI,,,"7/25/2023, 6:40:04 AM",,,,,,,,,,,,,,,,,settings-win.data.microsoft.com,type: 5 atm-settingsfe-prod-geo2.trafficmanager.net;type: 5 settings-prod-wjp-1.japanwest.cloudapp.azure.com;64:ff9b::284a:6c7b;,,,,,,,,,,,,,,,,,,,,,,,,,,laptop,CLO007,windows,Windows 11 Pro,22621,f25c1ccd-5039-4dcf-812e-79a2aede6358,23.1.2.400,1730979466865875730,FALSE,TRUE,FALSE,laptop,CLO007,windows,f25c1ccd-5039-4dcf-812e-79a2aede6358,1736757502993733126,Undefined,"7/25/2023, 6:27:00 AM",01H65VN9YVSBR9FGDK3RJX7NKK_9,DNS,Events,Unresolved,TRUE,"7/25/2023, 6:27:08 AM",STAR,"7/25/2023, 6:27:08 AM",1736743171400115521,CLO008,1,events,"EndpointName = ""CLO007""",account,Medium,UNDEFINED,C:\Windows\system32\svchost.exe -k netsvcs -p -s Schedule,8ec922c7-a58a-8701-ab48-1b7be9644536,3f64c98f22da277a07cab248c44c56eedb796a81,949bfb5b4c7d58d92f3f9c5f8ec7ca4ceaffd10ec5f0020f0a987c472d61c54b,C:\Windows\System32\svchost.exe,MICROSOFT WINDOWS,system,svchost.exe,1752,"7/17/2023, 10:22:47 AM",C43C0EF580778F51,sys_win32,C33C0EF580778F51,NT AUTHORITY\SYSTEM,taskhostw.exe,4887a65f-d4f6-598a-f498-6cbc1c0e5488,0882f3f9947405bb80c2e830adf69af85c9b51c7,82472a84bcbb4009add338200f8e853fe4c5eafe2e2c3a2d711b85bf29b72d54,C:\Windows\System32\taskhostw.exe,MICROSOFT WINDOWS,system,taskhostw.exe,8648,"7/25/2023, 6:26:34 AM",24DB12F580778F51,sys_win32,23DB12F580778F51,NT AUTHORITY\SYSTEM,"1/1/1970, 12:00:00 AM",,,,signed,"1/1/1970, 12:00:00 AM",,unknown,"1/1/1970, 12:00:00 AM",,,,,,,,,,,,,,1712500237934148927,,,,,,,,,,,,,,,,1712500242422055104,,,,,,,,,,,,,,,,,,,,,,,,,,,,,,,,,,,,,,,,,,,,,,,,,,,,,,,,,,,,,,,,,,,,,,,,,,,,,,,,,,,,,,,,,,Alerts.,,,,,,,,,,,,,,,,,,,,,,,,,,,,,,,,,,,,,,,,,,,,,,,,,,,,,,,,,,,,,,,,,,,,,,,,SentinelOne_CL,
1a0e2567-2e58-4989-ad18-206108185325,RestAPI,,,"7/25/2023, 6:40:04 AM",,,,,,,,,,,,,,,,,assets.msn.com,type: 5 assets.msn.com.edgekey.net;type: 5 e28578.d.akamaiedge.net;64:ff9b::2a6a:a492;64:ff9b::2a6a:a278;,,,,,,,,,,,,,,,,,,,,,,,,,,laptop,CLO007,windows,Windows 11 Pro,22621,f25c1ccd-5039-4dcf-812e-79a2aede6358,23.1.2.400,1730979466865875730,FALSE,TRUE,FALSE,laptop,CLO007,windows,f25c1ccd-5039-4dcf-812e-79a2aede6358,1736757509536847908,Undefined,"7/25/2023, 6:27:00 AM",01H65VN9YVSBR9FGDK3RJX7NKK_8,DNS,Events,Unresolved,TRUE,"7/25/2023, 6:27:09 AM",STAR,"7/25/2023, 6:27:09 AM",1736743171400115521,CLO008,1,events,"EndpointName = ""CLO007""",account,Medium,UNDEFINED,C:\Windows\system32\services.exe,68483e45-9f55-5389-ad8b-a6424bbaf42f,16d12a866c716390af9ca4d87bd7674d6e478f42,4a12143226b7090d6e9bb8d040618a2c7a9ef5282f7cc10fa374adc9ab19cbeb,C:\Windows\System32\services.exe,MICROSOFT WINDOWS PUBLISHER,system,services.exe,8,"7/17/2023, 10:22:47 AM",433C0EF580778F51,sys_win32,423C0EF580778F51,NT AUTHORITY\SYSTEM,C:\Windows\system32\svchost.exe -k UnistackSvcGroup -s WpnUserService,8ec922c7-a58a-8701-ab48-1b7be9644536,3f64c98f22da277a07cab248c44c56eedb796a81,949bfb5b4c7d58d92f3f9c5f8ec7ca4ceaffd10ec5f0020f0a987c472d61c54b,C:\Windows\System32\svchost.exe,MICROSOFT WINDOWS,medium,svchost.exe,11004,"7/25/2023, 5:42:20 AM",EDBB12F580778F51,sys_win32,ECBB12F580778F51,CLO007\Crest,"1/1/1970, 12:00:00 AM",,,,signed,"1/1/1970, 12:00:00 AM",,unknown,"1/1/1970, 12:00:00 AM",,,,,,,,,,,,,,1712500237934148927,,,,,,,,,,,,,,,,1712500242422055104,,,,,,,,,,,,,,,,,,,,,,,,,,,,,,,,,,,,,,,,,,,,,,,,,,,,,,,,,,,,,,,,,,,,,,,,,,,,,,,,,,,,,,,,,,Alerts.,,,,,,,,,,,,,,,,,,,,,,,,,,,,,,,,,,,,,,,,,,,,,,,,,,,,,,,,,,,,,,,,,,,,,,,,SentinelOne_CL,
1a0e2567-2e58-4989-ad18-206108185325,RestAPI,,,"7/25/2023, 6:40:04 AM",,,,,,,,,,,,,,,,,settings-win.data.microsoft.com,type: 5 atm-settingsfe-prod-geo2.trafficmanager.net;type: 5 settings-prod-eus-1.eastus.cloudapp.azure.com;52.191.219.104;,,,,,,,,,,,,,,,,,,,,,,,,,,laptop,CLO007,windows,Windows 11 Pro,22621,f25c1ccd-5039-4dcf-812e-79a2aede6358,23.1.2.400,1730979466865875730,FALSE,TRUE,FALSE,laptop,CLO007,windows,f25c1ccd-5039-4dcf-812e-79a2aede6358,1736757523109616661,Undefined,"7/25/2023, 6:27:00 AM",01H65VN9YVSBR9FGDK3RJX7NKK_7,DNS,Events,Unresolved,TRUE,"7/25/2023, 6:27:10 AM",STAR,"7/25/2023, 6:27:10 AM",1733163280061426015,DNS,1,events,"EventType = ""DNS Resolved"" OR EventType = ""DNS Unresolved""",account,Low,UNDEFINED,C:\Windows\system32\svchost.exe -k netsvcs -p -s Schedule,8ec922c7-a58a-8701-ab48-1b7be9644536,3f64c98f22da277a07cab248c44c56eedb796a81,949bfb5b4c7d58d92f3f9c5f8ec7ca4ceaffd10ec5f0020f0a987c472d61c54b,C:\Windows\System32\svchost.exe,MICROSOFT WINDOWS,system,svchost.exe,1752,"7/17/2023, 10:22:47 AM",C43C0EF580778F51,sys_win32,C33C0EF580778F51,NT AUTHORITY\SYSTEM,taskhostw.exe,4887a65f-d4f6-598a-f498-6cbc1c0e5488,0882f3f9947405bb80c2e830adf69af85c9b51c7,82472a84bcbb4009add338200f8e853fe4c5eafe2e2c3a2d711b85bf29b72d54,C:\Windows\System32\taskhostw.exe,MICROSOFT WINDOWS,system,taskhostw.exe,8648,"7/25/2023, 6:26:34 AM",24DB12F580778F51,sys_win32,23DB12F580778F51,NT AUTHORITY\SYSTEM,"1/1/1970, 12:00:00 AM",,,,signed,"1/1/1970, 12:00:00 AM",,unknown,"1/1/1970, 12:00:00 AM",,,,,,,,,,,,,,1712500237934148927,,,,,,,,,,,,,,,,1712500242422055104,,,,,,,,,,,,,,,,,,,,,,,,,,,,,,,,,,,,,,,,,,,,,,,,,,,,,,,,,,,,,,,,,,,,,,,,,,,,,,,,,,,,,,,,,,Alerts.,,,,,,,,,,,,,,,,,,,,,,,,,,,,,,,,,,,,,,,,,,,,,,,,,,,,,,,,,,,,,,,,,,,,,,,,SentinelOne_CL,
1a0e2567-2e58-4989-ad18-206108185325,RestAPI,,,"7/25/2023, 2:00:04 PM",,,,,,,,,,,,,,,,,teams.events.data.microsoft.com,type: 5 teams-events-data.trafficmanager.net;type: 5 onedscolprdwus00.westus.cloudapp.azure.com;20.189.173.1;,,,,,,,,,,,,,,,,,,,,,,,,,,laptop,CLO007,windows,Windows 11 Pro,22621,f25c1ccd-5039-4dcf-812e-79a2aede6358,23.1.2.400,1730979466865875730,FALSE,TRUE,FALSE,laptop,CLO007,windows,f25c1ccd-5039-4dcf-812e-79a2aede6358,1736977159242096637,Undefined,"7/25/2023, 1:43:18 PM",01H66MM8VMFWW6SBPQ81V9PDKH_71,DNS,Events,Unresolved,TRUE,"7/25/2023, 1:43:33 PM",STAR,"7/25/2023, 1:43:33 PM",1733163280061426015,DNS,1,events,"EventType = ""DNS Resolved"" OR EventType = ""DNS Unresolved""",account,Low,UNDEFINED,C:\Windows\system32\svchost.exe -k DcomLaunch -p,8ec922c7-a58a-8701-ab48-1b7be9644536,3f64c98f22da277a07cab248c44c56eedb796a81,949bfb5b4c7d58d92f3f9c5f8ec7ca4ceaffd10ec5f0020f0a987c472d61c54b,C:\Windows\System32\svchost.exe,MICROSOFT WINDOWS,system,svchost.exe,1204,"7/17/2023, 10:22:47 AM",9A3C0EF580778F51,sys_win32,993C0EF580778F51,NT AUTHORITY\SYSTEM,"""C:\Program Files\WindowsApps\MicrosoftTeams_23119.303.2080.2726_x64__8wekyb3d8bbwe\msteamsupdate.exe"" -RegisterComServerForUpdaterTask -Embedding",2f74f9b2-08d2-c0b4-1892-ff9f9961c4c0,f23bf2ad9ad69ae38fd7575fcced6f37c7b2142e,30018ca29efe5fbeaa03253ea4827fefca031dff1c002f5f7844483abf90c27e,C:\Program Files\WindowsApps\MicrosoftTeams_23119.303.2080.2726_x64__8wekyb3d8bbwe\msteamsupdate.exe,MICROSOFT CORPORATION,medium,msteamsupdate.exe,16600,"7/25/2023, 1:12:58 PM",EDDB12F580778F51,sys_win32,ECDB12F580778F51,CLO007\Crest,"1/1/1970, 12:00:00 AM",,,,signed,"1/1/1970, 12:00:00 AM",,unknown,"1/1/1970, 12:00:00 AM",,,,,,,,,,,,,,1712500237934148927,,,,,,,,,,,,,,,,1712500242422055104,,,,,,,,,,,,,,,,,,,,,,,,,,,,,,,,,,,,,,,,,,,,,,,,,,,,,,,,,,,,,,,,,,,,,,,,,,,,,,,,,,,,,,,,,,Alerts.,,,,,,,,,,,,,,,,,,,,,,,,,,,,,,,,,,,,,,,,,,,,,,,,,,,,,,,,,,,,,,,,,,,,,,,,SentinelOne_CL,
1a0e2567-2e58-4989-ad18-206108185325,RestAPI,,,"7/25/2023, 2:00:04 PM",,,,,,,,,,,,,,,,,telem-edge.smartscreen.microsoft.com,type: 5 tm-prod-wd-csp-edge.trafficmanager.net;type: 5 wd-prod-ss-as-southeast-3-fe.southeastasia.cloudapp.azure.com;20.198.188.157;,,,,,,,,,,,,,,,,,,,,,,,,,,laptop,CLO007,windows,Windows 11 Pro,22621,f25c1ccd-5039-4dcf-812e-79a2aede6358,23.1.2.400,1730979466865875730,FALSE,TRUE,FALSE,laptop,CLO007,windows,f25c1ccd-5039-4dcf-812e-79a2aede6358,1736978427801032969,Undefined,"7/25/2023, 1:45:59 PM",01H66MS4AHVPK6ZSZA1W047SMR_277,DNS,Events,Unresolved,TRUE,"7/25/2023, 1:46:04 PM",STAR,"7/25/2023, 1:46:04 PM",1733163280061426015,DNS,1,events,"EventType = ""DNS Resolved"" OR EventType = ""DNS Unresolved""",account,Low,UNDEFINED,C:\Windows\Explorer.EXE,357b678c-68d3-d5ee-86e1-b706fbfd994b,a4e4e2bc502e4ab249b219da357d1aad163ab175,8375581b32e510a1ddf90b1ff8ffb8a756d71e1d5572b1c7c027e9b7393ccd3b,C:\Windows\explorer.exe,MICROSOFT WINDOWS,medium,explorer.exe,14472,"7/25/2023, 5:42:20 AM",FEBB12F580778F51,sys_win32,FDBB12F580778F51,CLO007\Crest,C:\Windows\System32\smartscreen.exe -Embedding,8b71524d-b619-2b9a-1967-1156e27b1826,4549fabd13aaf136087a4501682eb2559eaafdbb,83c9bd1ff0dd424a841cd1b22993e09e16d1339501070613236b0d1f8bff92bc,C:\Windows\System32\smartscreen.exe,MICROSOFT WINDOWS,medium,smartscreen.exe,14528,"7/25/2023, 1:45:28 PM",E0E912F580778F51,sys_win32,DFE912F580778F51,CLO007\Crest,"1/1/1970, 12:00:00 AM",,,,signed,"1/1/1970, 12:00:00 AM",,unknown,"1/1/1970, 12:00:00 AM",,,,,,,,,,,,,,1712500237934148927,,,,,,,,,,,,,,,,1712500242422055104,,,,,,,,,,,,,,,,,,,,,,,,,,,,,,,,,,,,,,,,,,,,,,,,,,,,,,,,,,,,,,,,,,,,,,,,,,,,,,,,,,,,,,,,,,Alerts.,,,,,,,,,,,,,,,,,,,,,,,,,,,,,,,,,,,,,,,,,,,,,,,,,,,,,,,,,,,,,,,,,,,,,,,,SentinelOne_CL,
1a0e2567-2e58-4989-ad18-206108185325,RestAPI,,,"7/25/2023, 2:00:04 PM",,,,,,,,,,,,,,,,,telem-edge.smartscreen.microsoft.com,type: 5 tm-prod-wd-csp-edge.trafficmanager.net;type: 5 wd-prod-ss-as-southeast-3-fe.southeastasia.cloudapp.azure.com;20.198.188.157;,,,,,,,,,,,,,,,,,,,,,,,,,,laptop,CLO007,windows,Windows 11 Pro,22621,f25c1ccd-5039-4dcf-812e-79a2aede6358,23.1.2.400,1730979466865875730,FALSE,TRUE,FALSE,laptop,CLO007,windows,f25c1ccd-5039-4dcf-812e-79a2aede6358,1736978452270603436,Undefined,"7/25/2023, 1:45:59 PM",01H66MS4AHVPK6ZSZA1W047SMR_277,DNS,Events,Unresolved,TRUE,"7/25/2023, 1:46:07 PM",STAR,"7/25/2023, 1:46:07 PM",1736743171400115521,CLO008,1,events,"EndpointName = ""CLO007""",account,Medium,UNDEFINED,C:\Windows\Explorer.EXE,357b678c-68d3-d5ee-86e1-b706fbfd994b,a4e4e2bc502e4ab249b219da357d1aad163ab175,8375581b32e510a1ddf90b1ff8ffb8a756d71e1d5572b1c7c027e9b7393ccd3b,C:\Windows\explorer.exe,MICROSOFT WINDOWS,medium,explorer.exe,14472,"7/25/2023, 5:42:20 AM",FEBB12F580778F51,sys_win32,FDBB12F580778F51,CLO007\Crest,C:\Windows\System32\smartscreen.exe -Embedding,8b71524d-b619-2b9a-1967-1156e27b1826,4549fabd13aaf136087a4501682eb2559eaafdbb,83c9bd1ff0dd424a841cd1b22993e09e16d1339501070613236b0d1f8bff92bc,C:\Windows\System32\smartscreen.exe,MICROSOFT WINDOWS,medium,smartscreen.exe,14528,"7/25/2023, 1:45:28 PM",E0E912F580778F51,sys_win32,DFE912F580778F51,CLO007\Crest,"1/1/1970, 12:00:00 AM",,,,signed,"1/1/1970, 12:00:00 AM",,unknown,"1/1/1970, 12:00:00 AM",,,,,,,,,,,,,,1712500237934148927,,,,,,,,,,,,,,,,1712500242422055104,,,,,,,,,,,,,,,,,,,,,,,,,,,,,,,,,,,,,,,,,,,,,,,,,,,,,,,,,,,,,,,,,,,,,,,,,,,,,,,,,,,,,,,,,,Alerts.,,,,,,,,,,,,,,,,,,,,,,,,,,,,,,,,,,,,,,,,,,,,,,,,,,,,,,,,,,,,,,,,,,,,,,,,SentinelOne_CL,
1a0e2567-2e58-4989-ad18-206108185325,RestAPI,,,"7/25/2023, 6:50:03 AM",,,,,,,,,,,,,,,,,to-do.microsoft.com,type: 5 todo-web-production-traffic-manager.trafficmanager.net;type: 5 todo-web-production-westindia.azurewebsites.net;type: 5 waws-prod-bm1-003.sip.azurewebsites.windows.net;type: 5 waws-prod-bm1-003.cloudapp.net;104.211.184.197;,,,,,,,,,,,,,,,,,,,,,,,,,,laptop,CLO007,windows,Windows 11 Pro,22621,f25c1ccd-5039-4dcf-812e-79a2aede6358,23.1.2.400,1730979466865875730,FALSE,TRUE,FALSE,laptop,CLO007,windows,f25c1ccd-5039-4dcf-812e-79a2aede6358,1736761020077216368,Undefined,"7/25/2023, 6:33:57 AM",01H65W245BAGADGRFVC0V5ESDN_15,DNS,Events,Unresolved,TRUE,"7/25/2023, 6:34:07 AM",STAR,"7/25/2023, 6:34:07 AM",1733163280061426015,DNS,1,events,"EventType = ""DNS Resolved"" OR EventType = ""DNS Unresolved""",account,Low,UNDEFINED,C:\Windows\system32\svchost.exe -k netsvcs -p -s Schedule,8ec922c7-a58a-8701-ab48-1b7be9644536,3f64c98f22da277a07cab248c44c56eedb796a81,949bfb5b4c7d58d92f3f9c5f8ec7ca4ceaffd10ec5f0020f0a987c472d61c54b,C:\Windows\System32\svchost.exe,MICROSOFT WINDOWS,system,svchost.exe,1752,"7/17/2023, 10:22:47 AM",C43C0EF580778F51,sys_win32,C33C0EF580778F51,NT AUTHORITY\SYSTEM,"""C:\Windows\system32\AppHostRegistrationVerifier.exe""",5a7831fe-6c45-2547-ada5-ad795320a4a5,b6dd065e459c602341cce8c9dd85d70627fcddaf,a50beece3cab3c18fee40596c3a96501183198d6d19e24041a506180c0924d5d,C:\Windows\System32\AppHostRegistrationVerifier.exe,MICROSOFT WINDOWS,medium,AppHostRegistrationVerifier.exe,9556,"7/25/2023, 6:33:34 AM",6BDB12F580778F51,sys_win32,6ADB12F580778F51,CLO007\Crest,"1/1/1970, 12:00:00 AM",,,,signed,"1/1/1970, 12:00:00 AM",,unknown,"1/1/1970, 12:00:00 AM",,,,,,,,,,,,,,1712500237934148927,,,,,,,,,,,,,,,,1712500242422055104,,,,,,,,,,,,,,,,,,,,,,,,,,,,,,,,,,,,,,,,,,,,,,,,,,,,,,,,,,,,,,,,,,,,,,,,,,,,,,,,,,,,,,,,,,Alerts.,,,,,,,,,,,,,,,,,,,,,,,,,,,,,,,,,,,,,,,,,,,,,,,,,,,,,,,,,,,,,,,,,,,,,,,,SentinelOne_CL,
1a0e2567-2e58-4989-ad18-206108185325,RestAPI,,,"7/25/2023, 6:00:06 AM",,,,,,,,,,,,,,,,,teams.events.data.microsoft.com,type: 5 teams-events-data.trafficmanager.net;type: 5 onedscolprdcus03.centralus.cloudapp.azure.com;64:ff9b::d59:b21b;,,,,,,,,,,,,,,,,,,,,,,,,,,laptop,CLO007,windows,Windows 11 Pro,22621,f25c1ccd-5039-4dcf-812e-79a2aede6358,23.1.2.400,1730979466865875730,FALSE,TRUE,FALSE,laptop,CLO007,windows,f25c1ccd-5039-4dcf-812e-79a2aede6358,1736738576808232122,Undefined,"7/25/2023, 5:49:11 AM",01H65SG9CAMBQHFPH0TJD6EYXN_418,DNS,Events,Unresolved,TRUE,"7/25/2023, 5:49:32 AM",STAR,"7/25/2023, 5:49:32 AM",1733163280061426015,DNS,1,events,"EventType = ""DNS Resolved"" OR EventType = ""DNS Unresolved""",account,Low,UNDEFINED,"""C:\Program Files\WindowsApps\MicrosoftTeams_23119.303.2080.2726_x64__8wekyb3d8bbwe\msteams.exe"" ms-teams:system-initiated",1626f236-c0dc-28d5-92a1-0a359ebe3460,0fc1714b93869441cba7d44368ec411bac434e68,8cca5e46f6e9dfe566795c4e76aae4d44de8885f43bed759ef6bcad2516ac285,C:\Program Files\WindowsApps\MicrosoftTeams_23119.303.2080.2726_x64__8wekyb3d8bbwe\msteams.exe,MICROSOFT CORPORATION,medium,msteams.exe,9452,"7/25/2023, 5:36:24 AM",C9B312F580778F51,sys_win32,CCB312F580778F51,CLO007\Crest,"""C:\Program Files\WindowsApps\MicrosoftTeams_23119.303.2080.2726_x64__8wekyb3d8bbwe\msteamsupdate.exe"" -CheckUpdate -AppSessionGUID 5f23fd1b-805c-4d0a-a246-a6baae250641",2f74f9b2-08d2-c0b4-1892-ff9f9961c4c0,f23bf2ad9ad69ae38fd7575fcced6f37c7b2142e,30018ca29efe5fbeaa03253ea4827fefca031dff1c002f5f7844483abf90c27e,C:\Program Files\WindowsApps\MicrosoftTeams_23119.303.2080.2726_x64__8wekyb3d8bbwe\msteamsupdate.exe,MICROSOFT CORPORATION,medium,msteamsupdate.exe,10628,"7/25/2023, 5:36:24 AM",C9B312F580778F51,sys_win32,E8B312F580778F51,CLO007\Crest,"1/1/1970, 12:00:00 AM",,,,signed,"1/1/1970, 12:00:00 AM",,unknown,"1/1/1970, 12:00:00 AM",,,,,,,,,,,,,,1712500237934148927,,,,,,,,,,,,,,,,1712500242422055104,,,,,,,,,,,,,,,,,,,,,,,,,,,,,,,,,,,,,,,,,,,,,,,,,,,,,,,,,,,,,,,,,,,,,,,,,,,,,,,,,,,,,,,,,,Alerts.,,,,,,,,,,,,,,,,,,,,,,,,,,,,,,,,,,,,,,,,,,,,,,,,,,,,,,,,,,,,,,,,,,,,,,,,SentinelOne_CL,
1a0e2567-2e58-4989-ad18-206108185325,RestAPI,,,"7/25/2023, 6:00:06 AM",,,,,,,,,,,,,,,,,disc601.prod.do.dsp.mp.microsoft.com,type: 5 disc601.prod.do.dsp.mp.microsoft.com.edgekey.net;type: 5 e12358.d.akamaiedge.net;type: 6 n0d.akamaiedge.net;,,,,,,,,,,,,,,,,,,,,,,,,,,laptop,CLO007,windows,Windows 11 Pro,22621,f25c1ccd-5039-4dcf-812e-79a2aede6358,23.1.2.400,1730979466865875730,FALSE,TRUE,FALSE,laptop,CLO007,windows,f25c1ccd-5039-4dcf-812e-79a2aede6358,1736738586681624349,Undefined,"7/25/2023, 5:49:14 AM",01H65SGAGCE4JDGCGC1GCKNT9S_2,DNS,Events,Unresolved,TRUE,"7/25/2023, 5:49:33 AM",STAR,"7/25/2023, 5:49:33 AM",1733163280061426015,DNS,1,events,"EventType = ""DNS Resolved"" OR EventType = ""DNS Unresolved""",account,Low,UNDEFINED,C:\Windows\system32\services.exe,68483e45-9f55-5389-ad8b-a6424bbaf42f,16d12a866c716390af9ca4d87bd7674d6e478f42,4a12143226b7090d6e9bb8d040618a2c7a9ef5282f7cc10fa374adc9ab19cbeb,C:\Windows\System32\services.exe,MICROSOFT WINDOWS PUBLISHER,system,services.exe,8,"7/17/2023, 10:22:47 AM",433C0EF580778F51,sys_win32,423C0EF580778F51,NT AUTHORITY\SYSTEM,C:\Windows\System32\svchost.exe -k NetworkService -p,8ec922c7-a58a-8701-ab48-1b7be9644536,3f64c98f22da277a07cab248c44c56eedb796a81,949bfb5b4c7d58d92f3f9c5f8ec7ca4ceaffd10ec5f0020f0a987c472d61c54b,C:\Windows\System32\svchost.exe,MICROSOFT WINDOWS,system,svchost.exe,8620,"7/17/2023, 10:33:11 AM",4E4B0EF580778F51,sys_win32,4D4B0EF580778F51,NT AUTHORITY\NETWORK SERVICE,"1/1/1970, 12:00:00 AM",,,,signed,"1/1/1970, 12:00:00 AM",,unknown,"1/1/1970, 12:00:00 AM",,,,,,,,,,,,,,1712500237934148927,,,,,,,,,,,,,,,,1712500242422055104,,,,,,,,,,,,,,,,,,,,,,,,,,,,,,,,,,,,,,,,,,,,,,,,,,,,,,,,,,,,,,,,,,,,,,,,,,,,,,,,,,,,,,,,,,Alerts.,,,,,,,,,,,,,,,,,,,,,,,,,,,,,,,,,,,,,,,,,,,,,,,,,,,,,,,,,,,,,,,,,,,,,,,,SentinelOne_CL,
1a0e2567-2e58-4989-ad18-206108185325,RestAPI,,,"7/25/2023, 6:00:06 AM",,,,,,,,,,,,,,,,,edgedl.me.gvt1.com,34.104.35.123;,,,,,,,,,,,,,,,,,,,,,,,,,,laptop,CLO007,windows,Windows 11 Pro,22621,f25c1ccd-5039-4dcf-812e-79a2aede6358,23.1.2.400,1730979466865875730,FALSE,TRUE,FALSE,laptop,CLO007,windows,f25c1ccd-5039-4dcf-812e-79a2aede6358,1736738647784248248,Undefined,"7/25/2023, 5:49:14 AM",01H65SGAGCE4JDGCGC1GCKNT9S_14,DNS,Events,Unresolved,TRUE,"7/25/2023, 5:49:40 AM",STAR,"7/25/2023, 5:49:40 AM",1733163280061426015,DNS,1,events,"EventType = ""DNS Resolved"" OR EventType = ""DNS Unresolved""",account,Low,UNDEFINED,C:\Windows\system32\services.exe,68483e45-9f55-5389-ad8b-a6424bbaf42f,16d12a866c716390af9ca4d87bd7674d6e478f42,4a12143226b7090d6e9bb8d040618a2c7a9ef5282f7cc10fa374adc9ab19cbeb,C:\Windows\System32\services.exe,MICROSOFT WINDOWS PUBLISHER,system,services.exe,8,"7/17/2023, 10:22:47 AM",433C0EF580778F51,sys_win32,423C0EF580778F51,NT AUTHORITY\SYSTEM,C:\Windows\System32\svchost.exe -k netsvcs -p -s BITS,8ec922c7-a58a-8701-ab48-1b7be9644536,3f64c98f22da277a07cab248c44c56eedb796a81,949bfb5b4c7d58d92f3f9c5f8ec7ca4ceaffd10ec5f0020f0a987c472d61c54b,C:\Windows\System32\svchost.exe,MICROSOFT WINDOWS,system,svchost.exe,10972,"7/25/2023, 5:28:16 AM",09AB12F580778F51,sys_win32,08AB12F580778F51,NT AUTHORITY\SYSTEM,"1/1/1970, 12:00:00 AM",,,,signed,"1/1/1970, 12:00:00 AM",,unknown,"1/1/1970, 12:00:00 AM",,,,,,,,,,,,,,1712500237934148927,,,,,,,,,,,,,,,,1712500242422055104,,,,,,,,,,,,,,,,,,,,,,,,,,,,,,,,,,,,,,,,,,,,,,,,,,,,,,,,,,,,,,,,,,,,,,,,,,,,,,,,,,,,,,,,,,Alerts.,,,,,,,,,,,,,,,,,,,,,,,,,,,,,,,,,,,,,,,,,,,,,,,,,,,,,,,,,,,,,,,,,,,,,,,,SentinelOne_CL,
1a0e2567-2e58-4989-ad18-206108185325,RestAPI,,,"7/25/2023, 6:00:06 AM",,,,,,,,,,,,,,,,,spclient.wg.spotify.com,type: 5 edge-web.dual-gslb.spotify.com;35.186.224.25;,,,,,,,,,,,,,,,,,,,,,,,,,,laptop,CLO007,windows,Windows 11 Pro,22621,f25c1ccd-5039-4dcf-812e-79a2aede6358,23.1.2.400,1730979466865875730,FALSE,TRUE,FALSE,laptop,CLO007,windows,f25c1ccd-5039-4dcf-812e-79a2aede6358,1736738650518934577,Undefined,"7/25/2023, 5:49:11 AM",01H65SG9CAMBQHFPH0TJD6EYXN_388,DNS,Events,Unresolved,TRUE,"7/25/2023, 5:49:41 AM",STAR,"7/25/2023, 5:49:41 AM",1733163280061426015,DNS,1,events,"EventType = ""DNS Resolved"" OR EventType = ""DNS Unresolved""",account,Low,UNDEFINED,C:\Windows\system32\services.exe,68483e45-9f55-5389-ad8b-a6424bbaf42f,16d12a866c716390af9ca4d87bd7674d6e478f42,4a12143226b7090d6e9bb8d040618a2c7a9ef5282f7cc10fa374adc9ab19cbeb,C:\Windows\System32\services.exe,MICROSOFT WINDOWS PUBLISHER,system,services.exe,8,"7/17/2023, 10:22:47 AM",433C0EF580778F51,sys_win32,423C0EF580778F51,NT AUTHORITY\SYSTEM,C:\Windows\system32\svchost.exe -k UnistackSvcGroup -s WpnUserService,8ec922c7-a58a-8701-ab48-1b7be9644536,3f64c98f22da277a07cab248c44c56eedb796a81,949bfb5b4c7d58d92f3f9c5f8ec7ca4ceaffd10ec5f0020f0a987c472d61c54b,C:\Windows\System32\svchost.exe,MICROSOFT WINDOWS,medium,svchost.exe,17308,"7/25/2023, 5:36:13 AM",7AB212F580778F51,sys_win32,79B212F580778F51,CLO007\Crest,"1/1/1970, 12:00:00 AM",,,,signed,"1/1/1970, 12:00:00 AM",,unknown,"1/1/1970, 12:00:00 AM",,,,,,,,,,,,,,1712500237934148927,,,,,,,,,,,,,,,,1712500242422055104,,,,,,,,,,,,,,,,,,,,,,,,,,,,,,,,,,,,,,,,,,,,,,,,,,,,,,,,,,,,,,,,,,,,,,,,,,,,,,,,,,,,,,,,,,Alerts.,,,,,,,,,,,,,,,,,,,,,,,,,,,,,,,,,,,,,,,,,,,,,,,,,,,,,,,,,,,,,,,,,,,,,,,,SentinelOne_CL,
1a0e2567-2e58-4989-ad18-206108185325,RestAPI,,,"7/25/2023, 6:00:06 AM",,,,,,,,,,,,,,,,,clients1.google.com,type: 5 clients.l.google.com;142.251.42.78;,,,,,,,,,,,,,,,,,,,,,,,,,,laptop,CLO007,windows,Windows 11 Pro,22621,f25c1ccd-5039-4dcf-812e-79a2aede6358,23.1.2.400,1730979466865875730,FALSE,TRUE,FALSE,laptop,CLO007,windows,f25c1ccd-5039-4dcf-812e-79a2aede6358,1736738692386479262,Undefined,"7/25/2023, 5:49:14 AM",01H65SGAGCE4JDGCGC1GCKNT9S_41,DNS,Events,Unresolved,TRUE,"7/25/2023, 5:49:46 AM",STAR,"7/25/2023, 5:49:46 AM",1733163280061426015,DNS,1,events,"EventType = ""DNS Resolved"" OR EventType = ""DNS Unresolved""",account,Low,UNDEFINED,"""C:\Program Files\Google\Chrome\Application\chrome.exe""",a4055576-b3c2-8c82-dfb0-e8a4c5249665,4aead115343858d095687c129e198f26f77fb3f0,30173761d733d6431312118566947a48142b10fa4dec784af6316eb15b80b769,C:\Program Files\Google\Chrome\Application\chrome.exe,GOOGLE LLC,medium,chrome.exe,5084,"7/25/2023, 5:38:34 AM",A9B712F580778F51,sys_win32,A8B712F580778F51,CLO007\Crest,"""C:\Program Files\Google\Chrome\Application\chrome.exe"" --type=utility --utility-sub-type=network.mojom.NetworkService --lang=en-US --service-sandbox-type=none --mojo-platform-channel-handle=2168 --field-trial-handle=1876,i,7828680769750590995,7072517024340962698,262144 /prefetch:8",a4055576-b3c2-8c82-dfb0-e8a4c5249665,4aead115343858d095687c129e198f26f77fb3f0,30173761d733d6431312118566947a48142b10fa4dec784af6316eb15b80b769,C:\Program Files\Google\Chrome\Application\chrome.exe,GOOGLE LLC,medium,chrome.exe,11092,"7/25/2023, 5:38:35 AM",A9B712F580778F51,sys_win32,AFB712F580778F51,CLO007\Crest,"1/1/1970, 12:00:00 AM",,,,signed,"1/1/1970, 12:00:00 AM",,unknown,"1/1/1970, 12:00:00 AM",,,,,,,,,,,,,,1712500237934148927,,,,,,,,,,,,,,,,1712500242422055104,,,,,,,,,,,,,,,,,,,,,,,,,,,,,,,,,,,,,,,,,,,,,,,,,,,,,,,,,,,,,,,,,,,,,,,,,,,,,,,,,,,,,,,,,,Alerts.,,,,,,,,,,,,,,,,,,,,,,,,,,,,,,,,,,,,,,,,,,,,,,,,,,,,,,,,,,,,,,,,,,,,,,,,SentinelOne_CL,
1a0e2567-2e58-4989-ad18-206108185325,RestAPI,,,"7/25/2023, 6:00:06 AM",,,,,,,,,,,,,,,,,statics.teams.cdn.live.net,type: 5 tfl-staticscdn.trafficmanager.net;type: 5 statics.teams.cdn.live.net.edgesuite.net;type: 5 a1996.dscd.akamai.net;2402:3a80:c000:23::2a6a:a208;2402:3a80:c000:23::2a6a:a26a;,,,,,,,,,,,,,,,,,,,,,,,,,,laptop,CLO007,windows,Windows 11 Pro,22621,f25c1ccd-5039-4dcf-812e-79a2aede6358,23.1.2.400,1730979466865875730,FALSE,TRUE,FALSE,laptop,CLO007,windows,f25c1ccd-5039-4dcf-812e-79a2aede6358,1736738713316057235,Undefined,"7/25/2023, 5:49:14 AM",01H65SGAGCE4JDGCGC1GCKNT9S_20,DNS,Events,Unresolved,TRUE,"7/25/2023, 5:49:48 AM",STAR,"7/25/2023, 5:49:48 AM",1733163280061426015,DNS,1,events,"EventType = ""DNS Resolved"" OR EventType = ""DNS Unresolved""",account,Low,UNDEFINED,"""C:\Program Files (x86)\Microsoft\EdgeWebView\Application\114.0.1823.82\msedgewebview2.exe"" --embedded-browser-webview=1 --webview-exe-name=msteams.exe --webview-exe-version=23119.303.2080.2726 --user-data-dir=""C:\Users\Crest\AppData\Local\Packages\MicrosoftTeams_8wekyb3d8bbwe\LocalCache\Microsoft\MSTeams\EBWebView"" --noerrdialogs --embedded-browser-webview-dpi-awareness=2 --edge-webview-custom-scheme --disable-features=MojoIpcz,msWebOOUI --edge-webview-is-background --enable-features=msSingleSignOnOSForPrimaryAccountIsShared,msEdgeFluentOverlayScrollbar,msWebView2CodeCache,msWebView2EnableDraggableRegions --mojo-named-platform-channel-pipe=9452.304.10670547643736121190 /pfhostedapp:e7e952ed836442a682dca713cb7c4d91d21a087a",0f259745-8e7a-c81b-049d-45ef5b291246,bbd88a2a41c94d4140ccaef71bfb771e0ccc5c32,0ce0ef234aba4bf60f1c48a058ce764d52e91078e95312de4db4b0911f4cc7d4,C:\Program Files (x86)\Microsoft\EdgeWebView\Application\114.0.1823.82\msedgewebview2.exe,MICROSOFT CORPORATION,medium,msedgewebview2.exe,11324,"7/25/2023, 5:37:27 AM",C9B312F580778F51,sys_win32,A0B612F580778F51,CLO007\Crest,"""C:\Program Files (x86)\Microsoft\EdgeWebView\Application\114.0.1823.82\msedgewebview2.exe"" --type=utility --utility-sub-type=network.mojom.NetworkService --lang=en-US --service-sandbox-type=none --noerrdialogs --user-data-dir=""C:\Users\Crest\AppData\Local\Packages\MicrosoftTeams_8wekyb3d8bbwe\LocalCache\Microsoft\MSTeams\EBWebView"" --webview-exe-name=msteams.exe --webview-exe-version=23119.303.2080.2726 --embedded-browser-webview=1 --embedded-browser-webview-dpi-awareness=2 --edge-webview-custom-scheme --mojo-platform-channel-handle=2084 --field-trial-handle=1856,i,10401165809981385728,645714553629917069,262144 --enable-features=msEdgeFluentOverlayScrollbar,msSingleSignOnOSForPrimaryAccountIsShared,msWebView2CodeCache,msWebView2EnableDraggableRegions --disable-features=MojoIpcz,msWebOOUI /prefetch:3 /pfhostedapp:e7e952ed836442a682dca713cb7c4d91d21a087a",0f259745-8e7a-c81b-049d-45ef5b291246,bbd88a2a41c94d4140ccaef71bfb771e0ccc5c32,0ce0ef234aba4bf60f1c48a058ce764d52e91078e95312de4db4b0911f4cc7d4,C:\Program Files (x86)\Microsoft\EdgeWebView\Application\114.0.1823.82\msedgewebview2.exe,MICROSOFT CORPORATION,medium,msedgewebview2.exe,5728,"7/25/2023, 5:37:27 AM",C9B312F580778F51,sys_win32,BFB612F580778F51,CLO007\Crest,"1/1/1970, 12:00:00 AM",,,,signed,"1/1/1970, 12:00:00 AM",,unknown,"1/1/1970, 12:00:00 AM",,,,,,,,,,,,,,1712500237934148927,,,,,,,,,,,,,,,,1712500242422055104,,,,,,,,,,,,,,,,,,,,,,,,,,,,,,,,,,,,,,,,,,,,,,,,,,,,,,,,,,,,,,,,,,,,,,,,,,,,,,,,,,,,,,,,,,Alerts.,,,,,,,,,,,,,,,,,,,,,,,,,,,,,,,,,,,,,,,,,,,,,,,,,,,,,,,,,,,,,,,,,,,,,,,,SentinelOne_CL,
1a0e2567-2e58-4989-ad18-206108185325,RestAPI,,,"7/25/2023, 6:00:06 AM",,,,,,,,,,,,,,,,,ocsp.digicert.com,type: 5 ocsp.edge.digicert.com;type: 5 fp2e7a.wpc.2be4.phicdn.net;type: 5 fp2e7a.wpc.phicdn.net;64:ff9b::98c3:264c;,,,,,,,,,,,,,,,,,,,,,,,,,,laptop,CLO007,windows,Windows 11 Pro,22621,f25c1ccd-5039-4dcf-812e-79a2aede6358,23.1.2.400,1730979466865875730,FALSE,TRUE,FALSE,laptop,CLO007,windows,f25c1ccd-5039-4dcf-812e-79a2aede6358,1736738722031821381,Undefined,"7/25/2023, 5:49:11 AM",01H65SG9CAMBQHFPH0TJD6EYXN_440,DNS,Events,Unresolved,TRUE,"7/25/2023, 5:49:49 AM",STAR,"7/25/2023, 5:49:49 AM",1733163280061426015,DNS,1,events,"EventType = ""DNS Resolved"" OR EventType = ""DNS Unresolved""",account,Low,UNDEFINED,sihost.exe,e5a23407-157b-23f3-c244-1d412163e4ee,e8d9750e757e5b580c56521a81ed0cc41d327d82,51eb6455bdca85d3102a00b1ce89969016efc3ed8b08b24a2aa10e03ba1e2b13,C:\Windows\System32\sihost.exe,MICROSOFT WINDOWS,medium,sihost.exe,13788,"7/25/2023, 5:36:13 AM",B2B112F580778F51,sys_win32,B1B112F580778F51,CLO007\Crest,"""C:\Windows\SystemApps\Microsoft.Windows.StartMenuExperienceHost_cw5n1h2txyewy\StartMenuExperienceHost.exe"" -ServerName:App.AppXywbrabmsek0gm3tkwpr5kwzbs55tkqay.mca",4bd84472-eca2-b69a-0391-f61fa50d0f31,0ca4bcd60601ec0d8602d4f5994cb0393edb892b,c1fc7f6cb2228ee6386d91f27f1a61ae60a63deefb21d78bb810b7f027f1a489,C:\Windows\SystemApps\Microsoft.Windows.StartMenuExperienceHost_cw5n1h2txyewy\StartMenuExperienceHost.exe,MICROSOFT WINDOWS,low,StartMenuExperienceHost.exe,4524,"7/25/2023, 5:36:15 AM",B5B212F580778F51,sys_win32,B4B212F580778F51,CLO007\Crest,"1/1/1970, 12:00:00 AM",,,,signed,"1/1/1970, 12:00:00 AM",,unknown,"1/1/1970, 12:00:00 AM",,,,,,,,,,,,,,1712500237934148927,,,,,,,,,,,,,,,,1712500242422055104,,,,,,,,,,,,,,,,,,,,,,,,,,,,,,,,,,,,,,,,,,,,,,,,,,,,,,,,,,,,,,,,,,,,,,,,,,,,,,,,,,,,,,,,,,Alerts.,,,,,,,,,,,,,,,,,,,,,,,,,,,,,,,,,,,,,,,,,,,,,,,,,,,,,,,,,,,,,,,,,,,,,,,,SentinelOne_CL,
1a0e2567-2e58-4989-ad18-206108185325,RestAPI,,,"7/25/2023, 6:00:06 AM",,,,,,,,,,,,,,,,,ctldl.windowsupdate.com,type: 5 wu-bg-shim.trafficmanager.net;type: 5 fg.download.windowsupdate.com.c.footprint.net;8.241.152.254;8.241.160.126;8.241.135.126;8.241.154.254;8.241.151.126;type: 2 usa-d.dns.footprint.net;type: 2 apac-a.dns.footprint.net;type: 2 eu-b.dns.footprint.net;,,,,,,,,,,,,,,,,,,,,,,,,,,laptop,CLO007,windows,Windows 11 Pro,22621,f25c1ccd-5039-4dcf-812e-79a2aede6358,23.1.2.400,1730979466865875730,FALSE,TRUE,FALSE,laptop,CLO007,windows,f25c1ccd-5039-4dcf-812e-79a2aede6358,1736738767942674071,Undefined,"7/25/2023, 5:49:14 AM",01H65SGAGCE4JDGCGC1GCKNT9S_30,DNS,Events,Unresolved,TRUE,"7/25/2023, 5:49:55 AM",STAR,"7/25/2023, 5:49:55 AM",1733163280061426015,DNS,1,events,"EventType = ""DNS Resolved"" OR EventType = ""DNS Unresolved""",account,Low,UNDEFINED,C:\Windows\system32\services.exe,68483e45-9f55-5389-ad8b-a6424bbaf42f,16d12a866c716390af9ca4d87bd7674d6e478f42,4a12143226b7090d6e9bb8d040618a2c7a9ef5282f7cc10fa374adc9ab19cbeb,C:\Windows\System32\services.exe,MICROSOFT WINDOWS PUBLISHER,system,services.exe,8,"7/17/2023, 10:22:47 AM",433C0EF580778F51,sys_win32,423C0EF580778F51,NT AUTHORITY\SYSTEM,C:\Windows\system32\svchost.exe -k NetworkService -p,8ec922c7-a58a-8701-ab48-1b7be9644536,3f64c98f22da277a07cab248c44c56eedb796a81,949bfb5b4c7d58d92f3f9c5f8ec7ca4ceaffd10ec5f0020f0a987c472d61c54b,C:\Windows\System32\svchost.exe,MICROSOFT WINDOWS,system,svchost.exe,1576,"7/17/2023, 10:22:47 AM",B83C0EF580778F51,sys_win32,B73C0EF580778F51,NT AUTHORITY\NETWORK SERVICE,"1/1/1970, 12:00:00 AM",,,,signed,"1/1/1970, 12:00:00 AM",,unknown,"1/1/1970, 12:00:00 AM",,,,,,,,,,,,,,1712500237934148927,,,,,,,,,,,,,,,,1712500242422055104,,,,,,,,,,,,,,,,,,,,,,,,,,,,,,,,,,,,,,,,,,,,,,,,,,,,,,,,,,,,,,,,,,,,,,,,,,,,,,,,,,,,,,,,,,Alerts.,,,,,,,,,,,,,,,,,,,,,,,,,,,,,,,,,,,,,,,,,,,,,,,,,,,,,,,,,,,,,,,,,,,,,,,,SentinelOne_CL,